date,lat,lon,grid_lat,grid_lon,rain
2023-01-01,26.14,91.73,26.25,91.75,7.0854554
2023-01-02,26.14,91.73,26.25,91.75,18.375923
2023-01-03,26.14,91.73,26.25,91.75,7.868911
2023-01-04,26.14,91.73,26.25,91.75,0.52802616
2023-01-05,26.14,91.73,26.25,91.75,1.4942868
2023-01-06,26.14,91.73,26.25,91.75,0.3744342
2023-01-07,26.14,91.73,26.25,91.75,7.6653433
2023-01-08,26.14,91.73,26.25,91.75,8.632837
2023-01-09,26.14,91.73,26.25,91.75,1.1561611
2023-01-10,26.14,91.73,26.25,91.75,3.8056803
2023-01-11,26.14,91.73,26.25,91.75,0.18235092
2023-01-12,26.14,91.73,26.25,91.75,5.3787007
2023-01-13,26.14,91.73,26.25,91.75,8.552577
2023-01-14,26.14,91.73,26.25,91.75,25.205673
2023-01-15,26.14,91.73,26.25,91.75,0.064738594
2023-01-16,26.14,91.73,26.25,91.75,1.8194809
2023-01-17,26.14,91.73,26.25,91.75,8.775647
2023-01-18,26.14,91.73,26.25,91.75,4.8567996
2023-01-19,26.14,91.73,26.25,91.75,9.578739
2023-01-20,26.14,91.73,26.25,91.75,5.8049154
2023-01-21,26.14,91.73,26.25,91.75,0.049185734
2023-01-22,26.14,91.73,26.25,91.75,2.429203
2023-01-23,26.14,91.73,26.25,91.75,4.73851
2023-01-24,26.14,91.73,26.25,91.75,5.167601
2023-01-25,26.14,91.73,26.25,91.75,3.734535
2023-01-26,26.14,91.73,26.25,91.75,1.119445
2023-01-27,26.14,91.73,26.25,91.75,3.9767792
2023-01-28,26.14,91.73,26.25,91.75,2.7179704
2023-01-29,26.14,91.73,26.25,91.75,21.206526
2023-01-30,26.14,91.73,26.25,91.75,5.556768
2023-01-31,26.14,91.73,26.25,91.75,3.8587108
2023-02-01,26.14,91.73,26.25,91.75,6.595694
2023-02-02,26.14,91.73,26.25,91.75,2.1253884
2023-02-03,26.14,91.73,26.25,91.75,4.296573
2023-02-04,26.14,91.73,26.25,91.75,9.0270605
2023-02-05,26.14,91.73,26.25,91.75,1.0600597
2023-02-06,26.14,91.73,26.25,91.75,1.2186339
2023-02-07,26.14,91.73,26.25,91.75,0.22484197
2023-02-08,26.14,91.73,26.25,91.75,17.724579
2023-02-09,26.14,91.73,26.25,91.75,2.8160968
2023-02-10,26.14,91.73,26.25,91.75,3.9829068
2023-02-11,26.14,91.73,26.25,91.75,1.3296045
2023-02-12,26.14,91.73,26.25,91.75,7.6272078
2023-02-13,26.14,91.73,26.25,91.75,1.1221144
2023-02-14,26.14,91.73,26.25,91.75,2.636838
2023-02-15,26.14,91.73,26.25,91.75,5.6256003
2023-02-16,26.14,91.73,26.25,91.75,2.056532
2023-02-17,26.14,91.73,26.25,91.75,20.709217
2023-02-18,26.14,91.73,26.25,91.75,15.363234
2023-02-19,26.14,91.73,26.25,91.75,0.72657025
2023-02-20,26.14,91.73,26.25,91.75,8.713156
2023-02-21,26.14,91.73,26.25,91.75,4.459248
2023-02-22,26.14,91.73,26.25,91.75,2.705762
2023-02-23,26.14,91.73,26.25,91.75,6.1878777
2023-02-24,26.14,91.73,26.25,91.75,8.563547
2023-02-25,26.14,91.73,26.25,91.75,14.0625105
2023-02-26,26.14,91.73,26.25,91.75,1.4008799
2023-02-27,26.14,91.73,26.25,91.75,0.59404033
2023-02-28,26.14,91.73,26.25,91.75,0.11788619
2023-03-01,26.14,91.73,26.25,91.75,0.8873859
2023-03-02,26.14,91.73,26.25,91.75,7.1217484
2023-03-03,26.14,91.73,26.25,91.75,5.9140716
2023-03-04,26.14,91.73,26.25,91.75,17.443716
2023-03-05,26.14,91.73,26.25,91.75,7.398944
2023-03-06,26.14,91.73,26.25,91.75,6.788554
2023-03-07,26.14,91.73,26.25,91.75,3.4786963
2023-03-08,26.14,91.73,26.25,91.75,4.872078
2023-03-09,26.14,91.73,26.25,91.75,1.0526699
2023-03-10,26.14,91.73,26.25,91.75,0.26072913
2023-03-11,26.14,91.73,26.25,91.75,8.729687
2023-03-12,26.14,91.73,26.25,91.75,1.1144158
2023-03-13,26.14,91.73,26.25,91.75,17.58303
2023-03-14,26.14,91.73,26.25,91.75,15.776714
2023-03-15,26.14,91.73,26.25,91.75,5.284697
2023-03-16,26.14,91.73,26.25,91.75,6.931142
2023-03-17,26.14,91.73,26.25,91.75,2.5189724
2023-03-18,26.14,91.73,26.25,91.75,8.066588
2023-03-19,26.14,91.73,26.25,91.75,1.8950268
2023-03-20,26.14,91.73,26.25,91.75,3.9626164
2023-03-21,26.14,91.73,26.25,91.75,10.027005
2023-03-22,26.14,91.73,26.25,91.75,2.1589432
2023-03-23,26.14,91.73,26.25,91.75,6.206808
2023-03-24,26.14,91.73,26.25,91.75,6.661044
2023-03-25,26.14,91.73,26.25,91.75,6.2205186
2023-03-26,26.14,91.73,26.25,91.75,3.3144894
2023-03-27,26.14,91.73,26.25,91.75,9.977876
2023-03-28,26.14,91.73,26.25,91.75,3.659562
2023-03-29,26.14,91.73,26.25,91.75,26.775705
2023-03-30,26.14,91.73,26.25,91.75,3.7166991
2023-03-31,26.14,91.73,26.25,91.75,11.855502
2023-04-01,26.14,91.73,26.25,91.75,16.334637
2023-04-02,26.14,91.73,26.25,91.75,13.716951
2023-04-03,26.14,91.73,26.25,91.75,6.5034776
2023-04-04,26.14,91.73,26.25,91.75,9.959323
2023-04-05,26.14,91.73,26.25,91.75,15.418548
2023-04-06,26.14,91.73,26.25,91.75,9.259195
2023-04-07,26.14,91.73,26.25,91.75,33.84957
2023-04-08,26.14,91.73,26.25,91.75,15.6856365
2023-04-09,26.14,91.73,26.25,91.75,19.078928
2023-04-10,26.14,91.73,26.25,91.75,45.807743
2023-04-11,26.14,91.73,26.25,91.75,5.120286
2023-04-12,26.14,91.73,26.25,91.75,23.036306
2023-04-13,26.14,91.73,26.25,91.75,2.7770262
2023-04-14,26.14,91.73,26.25,91.75,3.5763183
2023-04-15,26.14,91.73,26.25,91.75,15.835003
2023-04-16,26.14,91.73,26.25,91.75,6.139149
2023-04-17,26.14,91.73,26.25,91.75,7.008252
2023-04-18,26.14,91.73,26.25,91.75,9.341983
2023-04-19,26.14,91.73,26.25,91.75,5.090732
2023-04-20,26.14,91.73,26.25,91.75,3.170552
2023-04-21,26.14,91.73,26.25,91.75,18.574966
2023-04-22,26.14,91.73,26.25,91.75,11.978081
2023-04-23,26.14,91.73,26.25,91.75,19.990826
2023-04-24,26.14,91.73,26.25,91.75,4.5933228
2023-04-25,26.14,91.73,26.25,91.75,20.753174
2023-04-26,26.14,91.73,26.25,91.75,13.217247
2023-04-27,26.14,91.73,26.25,91.75,9.19725
2023-04-28,26.14,91.73,26.25,91.75,14.845766
2023-04-29,26.14,91.73,26.25,91.75,4.9017353
2023-04-30,26.14,91.73,26.25,91.75,4.8826056
2023-05-01,26.14,91.73,26.25,91.75,17.874928
2023-05-02,26.14,91.73,26.25,91.75,42.29355
2023-05-03,26.14,91.73,26.25,91.75,16.372839
2023-05-04,26.14,91.73,26.25,91.75,8.17277
2023-05-05,26.14,91.73,26.25,91.75,22.648066
2023-05-06,26.14,91.73,26.25,91.75,7.5936136
2023-05-07,26.14,91.73,26.25,91.75,22.00817
2023-05-08,26.14,91.73,26.25,91.75,7.7494955
2023-05-09,26.14,91.73,26.25,91.75,10.206137
2023-05-10,26.14,91.73,26.25,91.75,11.969337
2023-05-11,26.14,91.73,26.25,91.75,39.053722
2023-05-12,26.14,91.73,26.25,91.75,21.590952
2023-05-13,26.14,91.73,26.25,91.75,31.646044
2023-05-14,26.14,91.73,26.25,91.75,19.434551
2023-05-15,26.14,91.73,26.25,91.75,36.00716
2023-05-16,26.14,91.73,26.25,91.75,13.251688
2023-05-17,26.14,91.73,26.25,91.75,12.651187
2023-05-18,26.14,91.73,26.25,91.75,15.707968
2023-05-19,26.14,91.73,26.25,91.75,31.146147
2023-05-20,26.14,91.73,26.25,91.75,21.650738
2023-05-21,26.14,91.73,26.25,91.75,17.114117
2023-05-22,26.14,91.73,26.25,91.75,17.865463
2023-05-23,26.14,91.73,26.25,91.75,21.783787
2023-05-24,26.14,91.73,26.25,91.75,14.72812
2023-05-25,26.14,91.73,26.25,91.75,30.168756
2023-05-26,26.14,91.73,26.25,91.75,19.155724
2023-05-27,26.14,91.73,26.25,91.75,29.580599
2023-05-28,26.14,91.73,26.25,91.75,32.933132
2023-05-29,26.14,91.73,26.25,91.75,23.114431
2023-05-30,26.14,91.73,26.25,91.75,40.851547
2023-05-31,26.14,91.73,26.25,91.75,21.517967
2023-06-01,26.14,91.73,26.25,91.75,22.246498
2023-06-02,26.14,91.73,26.25,91.75,21.968618
2023-06-03,26.14,91.73,26.25,91.75,32.146736
2023-06-04,26.14,91.73,26.25,91.75,27.286139
2023-06-05,26.14,91.73,26.25,91.75,25.606815
2023-06-06,26.14,91.73,26.25,91.75,22.90493
2023-06-07,26.14,91.73,26.25,91.75,24.795876
2023-06-08,26.14,91.73,26.25,91.75,25.875937
2023-06-09,26.14,91.73,26.25,91.75,33.03498
2023-06-10,26.14,91.73,26.25,91.75,29.060532
2023-06-11,26.14,91.73,26.25,91.75,29.435873
2023-06-12,26.14,91.73,26.25,91.75,27.37619
2023-06-13,26.14,91.73,26.25,91.75,31.742113
2023-06-14,26.14,91.73,26.25,91.75,36.272293
2023-06-15,26.14,91.73,26.25,91.75,34.137596
2023-06-16,26.14,91.73,26.25,91.75,37.78981
2023-06-17,26.14,91.73,26.25,91.75,64.155205
2023-06-18,26.14,91.73,26.25,91.75,60.76513
2023-06-19,26.14,91.73,26.25,91.75,37.34253
2023-06-20,26.14,91.73,26.25,91.75,38.37275
2023-06-21,26.14,91.73,26.25,91.75,35.041565
2023-06-22,26.14,91.73,26.25,91.75,41.043404
2023-06-23,26.14,91.73,26.25,91.75,35.027428
2023-06-24,26.14,91.73,26.25,91.75,49.111343
2023-06-25,26.14,91.73,26.25,91.75,39.53493
2023-06-26,26.14,91.73,26.25,91.75,57.81291
2023-06-27,26.14,91.73,26.25,91.75,42.350136
2023-06-28,26.14,91.73,26.25,91.75,45.553463
2023-06-29,26.14,91.73,26.25,91.75,49.255535
2023-06-30,26.14,91.73,26.25,91.75,47.295815
2023-07-01,26.14,91.73,26.25,91.75,53.368454
2023-07-02,26.14,91.73,26.25,91.75,46.70449
2023-07-03,26.14,91.73,26.25,91.75,45.819626
2023-07-04,26.14,91.73,26.25,91.75,48.849213
2023-07-05,26.14,91.73,26.25,91.75,41.943626
2023-07-06,26.14,91.73,26.25,91.75,49.92474
2023-07-07,26.14,91.73,26.25,91.75,45.808456
2023-07-08,26.14,91.73,26.25,91.75,49.93358
2023-07-09,26.14,91.73,26.25,91.75,45.576694
2023-07-10,26.14,91.73,26.25,91.75,45.40974
2023-07-11,26.14,91.73,26.25,91.75,49.364845
2023-07-12,26.14,91.73,26.25,91.75,55.335583
2023-07-13,26.14,91.73,26.25,91.75,47.68184
2023-07-14,26.14,91.73,26.25,91.75,57.468258
2023-07-15,26.14,91.73,26.25,91.75,80.958725
2023-07-16,26.14,91.73,26.25,91.75,78.43808
2023-07-17,26.14,91.73,26.25,91.75,48.409668
2023-07-18,26.14,91.73,26.25,91.75,52.27768
2023-07-19,26.14,91.73,26.25,91.75,54.220505
2023-07-20,26.14,91.73,26.25,91.75,50.878597
2023-07-21,26.14,91.73,26.25,91.75,47.949165
2023-07-22,26.14,91.73,26.25,91.75,50.3423
2023-07-23,26.14,91.73,26.25,91.75,55.937714
2023-07-24,26.14,91.73,26.25,91.75,50.5939
2023-07-25,26.14,91.73,26.25,91.75,63.2703
2023-07-26,26.14,91.73,26.25,91.75,49.044643
2023-07-27,26.14,91.73,26.25,91.75,54.367233
2023-07-28,26.14,91.73,26.25,91.75,53.51064
2023-07-29,26.14,91.73,26.25,91.75,48.016594
2023-07-30,26.14,91.73,26.25,91.75,46.867367
2023-07-31,26.14,91.73,26.25,91.75,54.25547
2023-08-01,26.14,91.73,26.25,91.75,53.483887
2023-08-02,26.14,91.73,26.25,91.75,47.151268
2023-08-03,26.14,91.73,26.25,91.75,51.275333
2023-08-04,26.14,91.73,26.25,91.75,64.860146
2023-08-05,26.14,91.73,26.25,91.75,50.910103
2023-08-06,26.14,91.73,26.25,91.75,46.80764
2023-08-07,26.14,91.73,26.25,91.75,45.62817
2023-08-08,26.14,91.73,26.25,91.75,50.862408
2023-08-09,26.14,91.73,26.25,91.75,43.589085
2023-08-10,26.14,91.73,26.25,91.75,54.155285
2023-08-11,26.14,91.73,26.25,91.75,46.055065
2023-08-12,26.14,91.73,26.25,91.75,47.850945
2023-08-13,26.14,91.73,26.25,91.75,44.640923
2023-08-14,26.14,91.73,26.25,91.75,52.907448
2023-08-15,26.14,91.73,26.25,91.75,40.11649
2023-08-16,26.14,91.73,26.25,91.75,41.229767
2023-08-17,26.14,91.73,26.25,91.75,59.41601
2023-08-18,26.14,91.73,26.25,91.75,66.820885
2023-08-19,26.14,91.73,26.25,91.75,47.364464
2023-08-20,26.14,91.73,26.25,91.75,48.11497
2023-08-21,26.14,91.73,26.25,91.75,42.43175
2023-08-22,26.14,91.73,26.25,91.75,51.611694
2023-08-23,26.14,91.73,26.25,91.75,49.730717
2023-08-24,26.14,91.73,26.25,91.75,37.215897
2023-08-25,26.14,91.73,26.25,91.75,34.509537
2023-08-26,26.14,91.73,26.25,91.75,42.6013
2023-08-27,26.14,91.73,26.25,91.75,34.415756
2023-08-28,26.14,91.73,26.25,91.75,44.70979
2023-08-29,26.14,91.73,26.25,91.75,34.12138
2023-08-30,26.14,91.73,26.25,91.75,30.527016
2023-08-31,26.14,91.73,26.25,91.75,33.56628
2023-09-01,26.14,91.73,26.25,91.75,33.29414
2023-09-02,26.14,91.73,26.25,91.75,33.402138
2023-09-03,26.14,91.73,26.25,91.75,28.18342
2023-09-04,26.14,91.73,26.25,91.75,27.534668
2023-09-05,26.14,91.73,26.25,91.75,31.205713
2023-09-06,26.14,91.73,26.25,91.75,35.41445
2023-09-07,26.14,91.73,26.25,91.75,27.981447
2023-09-08,26.14,91.73,26.25,91.75,25.551619
2023-09-09,26.14,91.73,26.25,91.75,39.02242
2023-09-10,26.14,91.73,26.25,91.75,31.696585
2023-09-11,26.14,91.73,26.25,91.75,25.571913
2023-09-12,26.14,91.73,26.25,91.75,32.204166
2023-09-13,26.14,91.73,26.25,91.75,27.273922
2023-09-14,26.14,91.73,26.25,91.75,41.84824
2023-09-15,26.14,91.73,26.25,91.75,25.769842
2023-09-16,26.14,91.73,26.25,91.75,21.326895
2023-09-17,26.14,91.73,26.25,91.75,18.15011
2023-09-18,26.14,91.73,26.25,91.75,21.145977
2023-09-19,26.14,91.73,26.25,91.75,20.639105
2023-09-20,26.14,91.73,26.25,91.75,17.639265
2023-09-21,26.14,91.73,26.25,91.75,17.001886
2023-09-22,26.14,91.73,26.25,91.75,23.891262
2023-09-23,26.14,91.73,26.25,91.75,23.300364
2023-09-24,26.14,91.73,26.25,91.75,37.639194
2023-09-25,26.14,91.73,26.25,91.75,16.008461
2023-09-26,26.14,91.73,26.25,91.75,29.120779
2023-09-27,26.14,91.73,26.25,91.75,29.424627
2023-09-28,26.14,91.73,26.25,91.75,36.56337
2023-09-29,26.14,91.73,26.25,91.75,21.730646
2023-09-30,26.14,91.73,26.25,91.75,11.116685
2023-10-01,26.14,91.73,26.25,91.75,13.714021
2023-10-02,26.14,91.73,26.25,91.75,11.229104
2023-10-03,26.14,91.73,26.25,91.75,11.046444
2023-10-04,26.14,91.73,26.25,91.75,31.189905
2023-10-05,26.14,91.73,26.25,91.75,17.263866
2023-10-06,26.14,91.73,26.25,91.75,19.276695
2023-10-07,26.14,91.73,26.25,91.75,12.914328
2023-10-08,26.14,91.73,26.25,91.75,8.737331
2023-10-09,26.14,91.73,26.25,91.75,8.705689
2023-10-10,26.14,91.73,26.25,91.75,17.274889
2023-10-11,26.14,91.73,26.25,91.75,10.7880745
2023-10-12,26.14,91.73,26.25,91.75,21.234697
2023-10-13,26.14,91.73,26.25,91.75,6.2864327
2023-10-14,26.14,91.73,26.25,91.75,7.3112144
2023-10-15,26.14,91.73,26.25,91.75,8.651935
2023-10-16,26.14,91.73,26.25,91.75,7.819798
2023-10-17,26.14,91.73,26.25,91.75,6.9822707
2023-10-18,26.14,91.73,26.25,91.75,17.24259
2023-10-19,26.14,91.73,26.25,91.75,5.6880803
2023-10-20,26.14,91.73,26.25,91.75,7.404193
2023-10-21,26.14,91.73,26.25,91.75,16.82174
2023-10-22,26.14,91.73,26.25,91.75,11.525217
2023-10-23,26.14,91.73,26.25,91.75,11.886489
2023-10-24,26.14,91.73,26.25,91.75,18.394602
2023-10-25,26.14,91.73,26.25,91.75,8.807667
2023-10-26,26.14,91.73,26.25,91.75,9.168992
2023-10-27,26.14,91.73,26.25,91.75,9.687928
2023-10-28,26.14,91.73,26.25,91.75,23.284805
2023-10-29,26.14,91.73,26.25,91.75,4.4183273
2023-10-30,26.14,91.73,26.25,91.75,2.408747
2023-10-31,26.14,91.73,26.25,91.75,8.149945
2023-11-01,26.14,91.73,26.25,91.75,16.746572
2023-11-02,26.14,91.73,26.25,91.75,6.50428
2023-11-03,26.14,91.73,26.25,91.75,28.194645
2023-11-04,26.14,91.73,26.25,91.75,5.0623426
2023-11-05,26.14,91.73,26.25,91.75,7.3929296
2023-11-06,26.14,91.73,26.25,91.75,11.261196
2023-11-07,26.14,91.73,26.25,91.75,4.293654
2023-11-08,26.14,91.73,26.25,91.75,1.9810902
2023-11-09,26.14,91.73,26.25,91.75,6.4214954
2023-11-10,26.14,91.73,26.25,91.75,6.2465734
2023-11-11,26.14,91.73,26.25,91.75,1.7615596
2023-11-12,26.14,91.73,26.25,91.75,10.606608
2023-11-13,26.14,91.73,26.25,91.75,7.8927627
2023-11-14,26.14,91.73,26.25,91.75,7.720372
2023-11-15,26.14,91.73,26.25,91.75,3.7685277
2023-11-16,26.14,91.73,26.25,91.75,3.5011451
2023-11-17,26.14,91.73,26.25,91.75,5.627659
2023-11-18,26.14,91.73,26.25,91.75,10.368934
2023-11-19,26.14,91.73,26.25,91.75,8.042907
2023-11-20,26.14,91.73,26.25,91.75,3.3211112
2023-11-21,26.14,91.73,26.25,91.75,1.0740892
2023-11-22,26.14,91.73,26.25,91.75,1.9032114
2023-11-23,26.14,91.73,26.25,91.75,4.980653
2023-11-24,26.14,91.73,26.25,91.75,17.715796
2023-11-25,26.14,91.73,26.25,91.75,1.8837957
2023-11-26,26.14,91.73,26.25,91.75,10.273507
2023-11-27,26.14,91.73,26.25,91.75,3.7520053
2023-11-28,26.14,91.73,26.25,91.75,2.076447
2023-11-29,26.14,91.73,26.25,91.75,2.429723
2023-11-30,26.14,91.73,26.25,91.75,18.040466
2023-12-01,26.14,91.73,26.25,91.75,19.126476
2023-12-02,26.14,91.73,26.25,91.75,7.8783016
2023-12-03,26.14,91.73,26.25,91.75,9.74436
2023-12-04,26.14,91.73,26.25,91.75,8.070752
2023-12-05,26.14,91.73,26.25,91.75,0.4114974
2023-12-06,26.14,91.73,26.25,91.75,3.2709112
2023-12-07,26.14,91.73,26.25,91.75,1.5124854
2023-12-08,26.14,91.73,26.25,91.75,22.487879
2023-12-09,26.14,91.73,26.25,91.75,5.1470146
2023-12-10,26.14,91.73,26.25,91.75,1.2802104
2023-12-11,26.14,91.73,26.25,91.75,2.2118533
2023-12-12,26.14,91.73,26.25,91.75,0.3613492
2023-12-13,26.14,91.73,26.25,91.75,4.2540035
2023-12-14,26.14,91.73,26.25,91.75,9.415865
2023-12-15,26.14,91.73,26.25,91.75,4.00815
2023-12-16,26.14,91.73,26.25,91.75,13.342287
2023-12-17,26.14,91.73,26.25,91.75,1.3713307
2023-12-18,26.14,91.73,26.25,91.75,18.622374
2023-12-19,26.14,91.73,26.25,91.75,0.46667892
2023-12-20,26.14,91.73,26.25,91.75,9.042632
2023-12-21,26.14,91.73,26.25,91.75,2.9827168
2023-12-22,26.14,91.73,26.25,91.75,3.1878662
2023-12-23,26.14,91.73,26.25,91.75,4.076354
2023-12-24,26.14,91.73,26.25,91.75,1.0659776
2023-12-25,26.14,91.73,26.25,91.75,16.842716
2023-12-26,26.14,91.73,26.25,91.75,12.492837
2023-12-27,26.14,91.73,26.25,91.75,2.086394
2023-12-28,26.14,91.73,26.25,91.75,0.55531675
2023-12-29,26.14,91.73,26.25,91.75,11.083478
2023-12-30,26.14,91.73,26.25,91.75,6.94447
2023-12-31,26.14,91.73,26.25,91.75,32.0894
